Ordered,Unordered
I love dogs.,I dogs love
She plays tennis.,She plays tennis
They drink coffee.,drink coffee They
He eats pizza.,pizza He eats
We go shopping.,shopping We go
She dances gracefully.,gracefully She dances
He runs fast.,runs fast He
They swim daily.,They daily swim
I study hard.,I study hard
She sings beautifully.,sings beautifully She
He laughs often.,He laughs often
We watch movies.,We movies watch
They work hard.,hard They work
She paints portraits.,She paints portraits
He listens attentively.,He listens attentively
We travel often.,often We travel
They read books.,books They read
I write poetry.,I write poetry
She speaks Spanish.,She Spanish speaks
He thinks deeply.,He deeply thinks
We cook dinner.,dinner We cook
They exercise daily.,daily exercise They
She teaches math.,She math teaches
He learns quickly.,He learns quickly
We enjoy nature.,We enjoy nature
They watch TV.,TV They watch
I play guitar.,guitar play I
She studies art.,studies She art
He writes music.,writes He music
We visit family.,visit family We
They play soccer.,play They soccer
She practices yoga.,practices yoga She
He creates art.,creates He art
We take walks.,walks take We
They ride bikes.,bikes They ride
I meditate daily.,meditate daily I
She designs clothes.,designs She clothes
He fixes cars.,fixes cars He
We plant trees.,plant trees We
They draw pictures.,pictures draw They
She bakes cakes.,cakes bakes She
He sells houses.,He houses sells
We do homework.,do homework We
They watch birds.,They birds watch
I like chocolate.,I chocolate like
She writes novels.,writes She novels
He speaks loudly.,He speaks loudly
We dance together.,dance We together
They sing karaoke.,karaoke sing They
She plays piano.,piano plays She
He enjoys hiking.,He hiking enjoys
We swim laps.,laps swim We
They run marathons.,marathons They run
I watch sunsets.,sunsets watch I
She sketches people.,people sketches She
He builds houses.,builds houses He
We paint landscapes.,paint landscapes We
They take photos.,photos They take
She sews clothes.,She clothes sews
He codes websites.,codes websites He
We enjoy picnics.,picnics We enjoy
They write stories.,stories write They
I collect stamps.,stamps collect I
She makes jewelry.,makes She jewelry
He studies science.,studies He science
We play board games.,We games play board
They solve puzzles.,puzzles They solve
She grows flowers.,flowers grows She
He teaches English.,He English teaches
We practice basketball.,basketball practice We
They play video games.,games They play video
I eat vegetables.,vegetables I eat
She designs websites.,designs She websites
He reads newspapers.,reads newspapers He
We celebrate birthdays.,birthdays We celebrate
They do chores.,do chores They
She writes blogs.,blogs writes She
He plays drums.,drums He plays
We attend concerts.,We concerts attend
They volunteer often.,volunteer They often
She creates animations.,creates She animations
He watches sports.,He watches sports
We build sandcastles.,We build sandcastles
They sing in choir.,in They choir sing
I draw cartoons.,draw cartoons I
She learns languages.,She languages learns
He designs buildings.,buildings designs He
We hike mountains.,We mountains hike
They go fishing.,go They fishing
She cooks dinner.,dinner cooks She
He fixes computers.,computers He fixes
We play frisbee.,play frisbee We
They watch sunrises.,They sunrises watch
She practices meditation.,meditation practices She
He sings in shower.,in shower He sings
We write letters.,letters write We
They ride horses.,horses They ride
She takes photographs.,takes photographs She
He designs logos.,He designs logos
We climb trees.,We trees climb
They listen to music.,music listen They to
I watch movies.,I movies watch
She takes care.,care She takes
He goes jogging.,goes jogging He
We read newspapers.,read newspapers We
They plant vegetables.,vegetables They plant
She works online.,She works online
He learns martial arts.,He learns arts martial
We play with pets.,with play We pets
They study history.,study They history
She takes courses.,She takes courses
He designs gardens.,He designs gardens
We ride rollercoasters.,We rollercoasters ride
They play boardgames.,boardgames play They
I practice yoga.,I practice yoga
She creates videos.,videos She creates
He swims laps.,swims He laps
We take vacations.,take vacations We
They watch documentaries.,watch documentaries They
She sews quilts.,She quilts sews
He codes software.,software He codes
We go camping.,go We camping
They hike trails.,They hike trails
She reads books.,reads She books
He practices basketball.,basketball He practices
We watch birds.,birds We watch
They eat lunch.,lunch They eat
She takes photos.,takes photos She
He learns guitar.,He learns guitar
We exercise daily.,exercise We daily
They play chess.,chess play They
She runs errands.,errands She runs
He takes naps.,naps He takes
We make art.,We art make
They have fun.,fun have They
She writes poems.,writes She poems
He bikes everyday.,everyday He bikes
We explore nature.,We nature explore
They cook dinner.,dinner cook They
She watches TV.,TV watches She
He studies philosophy.,studies He philosophy
We play football.,play We football
They attend events.,attend events They
She volunteers often.,volunteers She often
He walks outside.,walks outside He
We listen carefully.,carefully We listen
They enjoy gardening.,gardening enjoy They
She creates crafts.,creates crafts She
He visits friends.,He visits friends
We clean house.,house clean We
She dances ballet.,She ballet dances
He reads newspapers.,He reads newspapers
We eat dinner.,eat dinner We
They play baseball.,They play baseball
She watches movies.,She watches movies
He plays trumpet.,He trumpet plays
We listen attentively.,We attentively listen
They cook breakfast.,They cook breakfast
She writes stories.,She stories writes
He drives safely.,He drives safely
We clean dishes.,clean We dishes
They learn quickly.,quickly learn They
She sings loudly.,sings She loudly
He works hard.,hard works He
We ride bikes.,We bikes ride
They swim laps.,swim laps They
She creates art.,creates She art
He exercises regularly.,regularly He exercises
We watch TV.,watch TV We
They speak Spanish.,Spanish They speak
She takes walks.,takes She walks
He studies math.,studies math He
We plant flowers.,plant flowers We
They play guitar.,They play guitar
She designs clothes.,designs clothes She
He meditates daily.,He meditates daily
We go shopping.,shopping go We
They hike mountains.,hike They mountains
She writes music.,music She writes
He takes photos.,He takes photos
We enjoy picnics.,enjoy picnics We
They draw cartoons.,cartoons draw They
She teaches science.,science She teaches
He listens carefully.,He listens carefully
We watch sunsets.,We watch sunsets
They dance together.,together dance They
She cooks meals.,meals cooks She
He solves puzzles.,He solves puzzles
We sing karaoke.,sing We karaoke
They travel often.,often They travel
She learns languages.,learns She languages
He creates websites.,websites creates He
We swim daily.,swim We daily
They study history.,study history They
She practices yoga.,She practices yoga
He designs logos.,logos He designs
We go camping.,go We camping
They play soccer.,soccer play They
She takes courses.,She takes courses
He fixes cars.,cars He fixes
We ride horses.,horses We ride
They attend concerts.,They attend concerts
She reads novels.,reads She novels
He watches sports.,He watches sports
We celebrate holidays.,holidays We celebrate
They ride rollercoasters.,They ride rollercoasters
She creates animations.,animations She creates
He goes jogging.,He jogging goes
We play board games.,board play We games
They volunteer regularly.,They volunteer regularly
She sketches portraits.,She portraits sketches
He codes software.,codes software He
We walk dogs.,walk We dogs
They watch birds.,watch They birds
She sews clothing.,clothing She sews
He practices martial arts.,practices He arts martial
We write letters.,We letters write
They take photographs.,take photographs They
She makes jewelry.,She jewelry makes
He studies literature.,literature He studies
We visit museums.,visit We museums
They hike trails.,trails They hike
She cooks dinner.,dinner She cooks
He designs buildings.,designs He buildings
We play frisbee.,We play frisbee
They listen to music.,listen They music to
She studies art.,art She studies
He takes care.,care takes He
We ride bikes.,ride We bikes
They do homework.,do homework They
She creates videos.,She videos creates
He swims laps.,laps swims He
We take vacations.,take vacations We
They watch documentaries.,documentaries They watch
She writes blogs.,She blogs writes
He designs gardens.,designs gardens He
We climb trees.,climb trees We
They play video games.,play They games video
She works online.,online She works
He learns new things.,new things He learns
We go for walks.,go We walks for
They swim laps.,They laps swim
She reads magazines.,reads magazines She
He practices football.,He football practices
We attend weddings.,We weddings attend
They cook together.,cook together They
She sings karaoke.,karaoke sings She
He works from home.,works home He from
We explore cities.,explore We cities
They watch sunrises.,watch They sunrises
She writes poetry.,writes poetry She
He takes walks.,walks He takes
We do chores.,do chores We
They ride motorcycles.,motorcycles They ride
She designs logos.,She logos designs
He listens to podcasts.,podcasts He to listens
We watch fireworks.,fireworks watch We
They study science.,science study They
She plays piano.,plays piano She
He runs marathons.,marathons runs He
We take photographs.,photographs We take
They study languages.,languages study They
She practices meditation.,She meditation practices
He fixes appliances.,fixes He appliances
We play basketball.,basketball We play
They visit family.,They visit family
She reads emails.,emails She reads
He plays soccer.,plays He soccer
We go swimming.,go We swimming
They make art.,They make art
She takes pictures.,pictures takes She
He cooks dinner.,dinner cooks He
We dance together.,together dance We
They write novels.,They write novels
She learns coding.,coding learns She
He plays basketball.,basketball plays He
We enjoy nature.,nature enjoy We
They watch movies.,They movies watch
She practices painting.,She practices painting
He takes notes.,He notes takes
We eat breakfast.,We breakfast eat
They study music.,music They study
She listens attentively.,listens attentively She
He runs errands.,runs errands He
We play tennis.,We tennis play
They hike mountains.,mountains hike They
She creates pottery.,pottery She creates
He watches birds.,He birds watches
We read books.,books read We
They play drums.,play They drums
She volunteers time.,She volunteers time
He practices singing.,singing He practices
We travel abroad.,abroad travel We
They cook meals.,cook meals They
She writes letters.,letters She writes
He learns piano.,piano learns He
We hike trails.,We trails hike
They play cards.,play cards They
She attends classes.,classes She attends
He works out.,He out works
She practices yoga.,yoga She practices
He designs clothes.,clothes designs He
We watch football.,watch We football
They listen attentively.,attentively listen They
She writes songs.,writes She songs
He cooks breakfast.,He cooks breakfast
We play chess.,chess We play
They ride bicycles.,They ride bicycles
She learns guitar.,guitar She learns
He watches TV.,watches He TV
We hike trails.,trails We hike
They swim laps.,They swim laps
She creates art.,creates She art
He reads books.,books reads He
We eat lunch.,lunch eat We
They play baseball.,baseball play They
She watches birds.,birds watches She
He takes photographs.,takes He photographs
We enjoy picnics.,enjoy We picnics
They study languages.,languages study They
She designs jewelry.,jewelry designs She
He writes poetry.,writes poetry He
We clean house.,house We clean
They attend events.,attend events They
She paints pictures.,She paints pictures
He practices basketball.,practices He basketball
We go hiking.,We hiking go
They play guitar.,They play guitar
She teaches yoga.,teaches She yoga
He studies biology.,studies biology He
We do laundry.,do laundry We
They perform magic.,magic They perform
She sings karaoke.,sings She karaoke
He draws cartoons.,draws He cartoons
We bike ride.,bike We ride
They watch sunsets.,sunsets watch They
She studies physics.,studies She physics
He builds robots.,He builds robots
We take walks.,take We walks
They attend parties.,parties attend They
She does makeup.,makeup does She
He reads newspapers.,newspapers reads He
We enjoy coffee.,We coffee enjoy
They surf waves.,They waves surf
She sketches portraits.,portraits sketches She
He writes articles.,He articles writes
We go shopping.,go shopping We
They collect stamps.,stamps collect They
She meditates daily.,She daily meditates
He plants flowers.,He plants flowers
We take photos.,photos We take
They bake cakes.,cakes bake They
She studies history.,She history studies
He practices hockey.,hockey practices He
We climb mountains.,climb We mountains
They create websites.,websites They create
She trains dogs.,dogs She trains
He studies psychology.,He psychology studies
We go camping.,camping go We
They take vacations.,take vacations They
She writes blogs.,blogs writes She
He enjoys nature.,enjoys He nature
We play ping pong.,ping play pong We
They attend concerts.,They concerts attend
She practices mindfulness.,She practices mindfulness
He creates animations.,creates animations He
We go swimming.,go swimming We
They play video games.,games play video They
She does Pilates.,She does Pilates
He studies literature.,studies literature He
We listen to music.,music listen to We
They go fishing.,They go fishing
She makes jewelry.,She jewelry makes
He works remotely.,works remotely He
We watch wildlife.,wildlife watch We
They take selfies.,selfies They take
She practices karate.,practices karate She
He cooks dinner.,cooks dinner He
We read magazines.,magazines We read
They do puzzles.,do puzzles They
She studies astronomy.,She astronomy studies
He practices football.,practices He football
We explore cities.,We explore cities
They watch theater.,watch They theater
She draws landscapes.,draws She landscapes
He writes code.,He writes code
We go sightseeing.,We sightseeing go
They take naps.,take They naps
She studies geology.,geology studies She
He plays volleyball.,plays volleyball He
We practice mindfulness.,practice We mindfulness
They attend lectures.,lectures attend They
She does crafts.,does She crafts
He reads novels.,He reads novels
We go skating.,We skating go
They do crosswords.,crosswords They do
She studies philosophy.,She studies philosophy
He practices martial arts.,martial arts He practices
We go kayaking.,kayaking go We
She plays piano.,She piano plays
He goes jogging.,goes He jogging
We plant trees.,trees We plant
They listen carefully.,They listen carefully
She writes books.,books writes She
He takes walks.,takes walks He
We swim laps.,swim laps We
They cook together.,They cook together
She studies anthropology.,anthropology studies She
He watches movies.,watches He movies
We go birdwatching.,We birdwatching go
They practice painting.,They painting practice
She takes selfies.,She selfies takes
He does push-ups.,push-ups He does
We listen to podcasts.,to We listen podcasts
They go skiing.,go They skiing
She makes soap.,She makes soap
He reads magazines.,He magazines reads
We go horseback riding.,riding go horseback We
They study economics.,study economics They
She practices archery.,archery She practices
He writes scripts.,He scripts writes
We go snorkeling.,We snorkeling go
They attend weddings.,They weddings attend
She does gardening.,gardening does She
He listens to music.,music He to listens
We play frisbee.,play We frisbee
They watch wildlife.,watch They wildlife
She studies zoology.,zoology She studies
He goes biking.,He biking goes
We attend church.,We attend church
They practice calligraphy.,They calligraphy practice
She takes care.,She care takes
He plays golf.,golf plays He
We enjoy sunsets.,We sunsets enjoy
They listen to audiobooks.,listen They to audiobooks
She writes poetry.,poetry writes She
He takes photographs.,He takes photographs
We go canoeing.,We go canoeing
They study art.,They study art
She practices gymnastics.,practices gymnastics She
He does yoga.,does He yoga
We read newspapers.,We read newspapers
They attend festivals.,festivals attend They
She does volunteer.,She volunteer does
He goes skateboarding.,He goes skateboarding
We listen to radio.,radio We listen to
They practice cooking.,cooking practice They
She studies sociology.,She sociology studies
He watches sports.,watches sports He
She teaches art.,art She teaches
He goes swimming.,He goes swimming
We read books.,read We books
They practice singing.,They singing practice
She writes scripts.,writes scripts She
He takes vacations.,takes vacations He
We enjoy picnics.,We picnics enjoy
They watch sunrises.,sunrises They watch
She studies medicine.,She medicine studies
He plays basketball.,basketball He plays
We go hiking.,We hiking go
They do laundry.,do They laundry
She takes photographs.,She photographs takes
He practices tennis.,practices tennis He
We listen to music.,listen We music to
They attend parties.,parties They attend
She writes articles.,She writes articles
He goes running.,goes running He
We do yoga.,yoga do We
They play video games.,play They games video
She studies geography.,She studies geography
He watches TV.,watches TV He
We go camping.,We camping go
They collect coins.,collect They coins
She does makeup.,makeup She does
He reads books.,reads books He
We take walks.,take We walks
They attend concerts.,attend They concerts
She practices karate.,She karate practices
He draws cartoons.,draws He cartoons
We go shopping.,We go shopping
They cook dinner.,They cook dinner
She studies chemistry.,chemistry studies She
He listens to podcasts.,He to listens podcasts
We go swimming.,go swimming We
They practice guitar.,They practice guitar
She writes blogs.,blogs She writes
He studies engineering.,engineering He studies
We play soccer.,soccer play We
They attend meetings.,attend meetings They
She does Pilates.,She Pilates does
He takes photographs.,photographs takes He
We go cycling.,We go cycling
They study languages.,study languages They
She practices yoga.,She practices yoga
He listens to music.,music to He listens
We do household chores.,We household do chores
They attend classes.,attend They classes
She writes stories.,writes She stories
He plays guitar.,guitar plays He
We take pictures.,take pictures We
They watch movies.,watch movies They
She studies computer science.,science studies She computer
He goes to work.,work to He goes
We enjoy nature.,enjoy We nature
They play basketball.,play basketball They
She takes care.,She care takes
He practices boxing.,practices boxing He
We watch TV.,We watch TV
They attend church.,church attend They
She studies philosophy.,philosophy studies She
He watches birds.,watches He birds
We go jogging.,jogging We go
They practice drawing.,They practice drawing
She takes naps.,naps She takes
He studies history.,He history studies
We go skiing.,skiing go We
They attend seminars.,attend They seminars
She does pottery.,does She pottery
He reads newspapers.,He newspapers reads
We go horseback riding.,horseback go riding We
They practice piano.,piano practice They
She studies psychology.,studies She psychology
He watches sports.,sports He watches
We go hiking.,go hiking We
She teaches science.,science teaches She
He goes fishing.,goes fishing He
We watch TV.,watch We TV
They practice dancing.,They practice dancing
She writes songs.,She songs writes
He takes breaks.,breaks He takes
We go kayaking.,We go kayaking
They watch stars.,They watch stars
She studies literature.,studies literature She
He plays volleyball.,plays He volleyball
We do push-ups.,do push-ups We
They attend lectures.,attend lectures They
She takes care.,takes care She
He practices skiing.,He skiing practices
We listen to birds.,birds to We listen
They go camping.,go They camping
She writes letters.,She writes letters
He studies physics.,physics He studies
We go fishing.,go We fishing
They practice public speaking.,They speaking practice public
She takes classes.,She classes takes
He reads novels.,reads novels He
We go hiking.,hiking go We
They watch documentaries.,watch documentaries They
She studies history.,history She studies
He plays piano.,He piano plays
We take vacations.,We take vacations
They attend workshops.,workshops attend They
She practices ballet.,practices ballet She
He listens to podcasts.,He listens podcasts to
We watch movies.,We watch movies
They study political science.,They political science study
She does laundry.,does She laundry
He goes jogging.,He jogging goes
We read magazines.,read magazines We
They attend meetings.,meetings attend They
She writes articles.,She writes articles
He practices football.,football practices He
We go birdwatching.,go We birdwatching
They watch wildlife.,They wildlife watch
She studies literature.,literature studies She
He takes photographs.,He takes photographs
We play tennis.,tennis play We
They attend weddings.,weddings attend They
She practices boxing.,practices She boxing
He listens to music.,He music listens to
We go swimming.,We swimming go
They watch sunsets.,watch They sunsets
She studies philosophy.,studies She philosophy
He plays basketball.,plays basketball He
We do yoga.,yoga We do
They attend seminars.,attend They seminars
She takes care.,care takes She
He practices swimming.,He practices swimming
We listen to podcasts.,to We podcasts listen
They go hiking.,They hiking go
She writes poetry.,writes She poetry
He studies biology.,studies biology He
We go running.,running We go
They practice photography.,They practice photography
She takes selfies.,She takes selfies
He watches movies.,He watches movies
We attend concerts.,concerts attend We
They study psychology.,study They psychology
She practices calligraphy.,practices calligraphy She
He reads comics.,comics reads He
We go sightseeing.,go We sightseeing
They watch plays.,watch They plays
She studies anthropology.,She anthropology studies
He plays drums.,plays drums He
We go sailing.,We sailing go
They practice martial arts.,martial arts They practice
She takes care.,She care takes
He listens to audiobooks.,audiobooks listens He to
We do household chores.,We do household chores
They attend classes.,They classes attend
She writes blogs.,writes blogs She
He practices tennis.,tennis He practices
We go skiing.,We skiing go
They watch TV.,watch They TV
She studies environmental science.,environmental science studies She
He takes walks.,He walks takes
We enjoy sunsets.,sunsets enjoy We
They play soccer.,They play soccer
She does gardening.,She gardening does
He listens to radio.,He listens to radio
We go horseback riding.,We riding go horseback
They study engineering.,They engineering study
She practices archery.,She practices archery
He watches sports.,watches sports He
We go camping.,camping go We
They attend church.,church attend They
She writes scripts.,She scripts writes
He studies economics.,studies economics He
We take walks.,take We walks
They practice cooking.,cooking practice They
She studies sociology.,studies She sociology
He watches birds.,He birds watches
We go swimming.,swimming We go
They attend parties.,parties They attend
She reads books.,reads She books
He practices golf.,practices golf He
We go biking.,go We biking
They watch the ocean.,They ocean the watch
She studies art.,art studies She
He plays guitar.,plays He guitar
We do housework.,We housework do
They attend games.,games attend They
She writes novels.,novels writes She
He studies medicine.,medicine He studies
We go rock climbing.,go climbing We rock
They watch planes.,watch planes They
She practices yoga.,yoga She practices
He listens to news.,He news listens to
We attend lectures.,We attend lectures
They study literature.,literature They study
She takes walks.,She takes walks
He watches nature.,He watches nature
We go to museums.,We museums go to
They practice meditation.,meditation practice They
She studies law.,law She studies
He plays baseball.,baseball plays He
We go ice skating.,We go ice skating
They watch wildlife.,They watch wildlife
She writes essays.,essays writes She
He studies geology.,He studies geology
We do exercises.,exercises We do
They attend concerts.,They attend concerts
She practices singing.,singing She practices
He listens to music.,He listens to music
We go canoeing.,canoeing We go
They watch theater.,theater They watch
She studies religion.,She religion studies
He takes naps.,naps He takes
We enjoy sunrises.,sunrises We enjoy
They play hockey.,hockey They play
She does knitting.,knitting does She
He watches TV.,watches TV He
We go on picnics.,on go We picnics
They attend meetings.,They attend meetings
She writes poems.,She writes poems
He practices martial arts.,He practices arts martial
We go snowboarding.,snowboarding go We
They watch sunsets.,watch They sunsets
She studies philosophy.,philosophy studies She
He plays soccer.,plays soccer He
We go jogging.,jogging go We
They practice art.,art They practice
She takes care.,takes She care
He listens to podcasts.,podcasts listens to He
We go on road trips.,road trips on go We
They watch birds.,They birds watch
She studies astronomy.,She studies astronomy
He plays chess.,He chess plays
We go skating.,go We skating
They attend parties.,attend They parties
She writes stories.,stories She writes
He studies chemistry.,He studies chemistry
We go on hikes.,hikes We go on
They watch movies.,watch movies They
She practices pottery.,practices pottery She
He listens to music.,music He to listens
We go on walks.,We walks on go
They attend classes.,classes They attend
She studies computer science.,She studies science computer
He takes photos.,He takes photos
We go to concerts.,go to We concerts
They practice writing.,writing practice They
She takes care.,She takes care
He watches soccer.,He watches soccer
We go to zoos.,zoos We go to
They watch baseball.,watch They baseball
She studies physics.,She physics studies
He plays basketball.,plays basketball He
We go on vacations.,We vacations on go
They attend conferences.,attend They conferences
She writes journals.,She writes journals
He practices volleyball.,practices volleyball He
We go skiing.,We go skiing
They watch TV shows.,TV They shows watch
She studies geology.,geology She studies
He takes vacations.,He vacations takes
We go to festivals.,festivals go to We
They practice drawing.,They drawing practice
She takes care.,care She takes
He listens to podcasts.,to He listens podcasts
We go on cruises.,cruises on go We
They watch sports.,They sports watch
She studies botany.,She studies botany
He plays football.,plays football He
We go to amusement parks.,We parks amusement go to
They attend weddings.,attend weddings They
She writes articles.,She writes articles
He practices hockey.,He hockey practices
We go to the beach.,the to beach We go
They watch the sunset.,They the sunset watch
She studies zoology.,zoology studies She
He listens to audiobooks.,audiobooks He to listens
We go to the park.,park We the go to
They practice painting.,They practice painting
She takes care.,She care takes
He watches movies.,movies He watches
We go on bike rides.,rides We go on bike
They study anthropology.,study They anthropology
She practices sculpting.,practices sculpting She
He reads newspapers.,He newspapers reads
We go to the gym.,go gym the We to
They watch the stars.,stars They the watch
She studies archaeology.,archaeology She studies
He plays rugby.,rugby plays He
We go to theme parks.,go theme to parks We
They practice writing.,practice writing They
She takes care.,care takes She
He listens to music.,listens He music to
They attend games.,games They attend
She practices dancing.,She dancing practices
He watches wildlife.,watches He wildlife
We go fishing.,We fishing go
They study history.,study They history
She writes blogs.,blogs She writes
He plays drums.,He plays drums
We go camping.,camping We go
They watch the clouds.,They the clouds watch
She studies psychology.,psychology She studies
He listens to podcasts.,podcasts to listens He
We go on walks.,We walks on go
They practice photography.,photography practice They
She takes care.,care She takes
He watches birds.,birds watches He
We go to the movies.,go the to movies We
They attend seminars.,attend seminars They
She writes scripts.,scripts She writes
He studies economics.,He economics studies
We go on trips.,trips go We on
They watch the river.,watch river the They
She practices cooking.,practices She cooking
He listens to the radio.,to listens radio the He
We go on vacations.,on We go vacations
They watch basketball.,basketball watch They
She studies sociology.,sociology She studies
He plays tennis.,tennis plays He
We go to the gym.,We go to the gym
They attend lectures.,lectures attend They
She writes books.,She writes books
He practices skiing.,skiing practices He
We go on hikes.,go hikes We on
They watch the sunset.,sunset the They watch
She studies education.,education studies She
He listens to audiobooks.,audiobooks listens to He
We go to the beach.,We to go the beach
They practice karate.,practice They karate
She takes care.,takes She care
He watches TV shows.,watches TV shows He
We go on road trips.,road go trips on We
They study linguistics.,linguistics study They
She writes songs.,She songs writes
He plays football.,plays football He
We go on bike rides.,bike on We rides go
They watch the sky.,They sky the watch
She studies ecology.,She studies ecology
He listens to music.,listens to He music
We go on runs.,go on We runs
They attend seminars.,attend They seminars
She practices gymnastics.,gymnastics practices She
He watches the sea.,the He watches sea
We go hiking.,go We hiking
They study philosophy.,philosophy They study
She writes poems.,She poems writes
He plays basketball.,He plays basketball
We go to the zoo.,the We to zoo go
They watch the stars.,the stars They watch
She studies chemistry.,studies chemistry She
He listens to podcasts.,listens to He podcasts
We go to the park.,to We the park go
They practice calligraphy.,calligraphy They practice
She takes care.,takes care She
He watches movies.,watches He movies
We go on picnics.,We on go picnics
They study literature.,literature They study
She writes stories.,stories writes She
He practices swimming.,He practices swimming
We go to the gym.,go to gym the We
They watch the mountains.,mountains watch They the
She studies mathematics.,She studies mathematics
He listens to music.,listens music to He
We go on walks.,go walks on We
They attend classes.,attend classes They
She practices archery.,practices archery She
He watches the sunset.,He watches sunset the
We go on adventures.,go We on adventures
They study biology.,biology They study
She writes articles.,She writes articles
He plays baseball.,plays He baseball
We go to the pool.,pool the to go We
They watch the ocean.,the watch They ocean
She studies physics.,She studies physics
He listens to the news.,the He to listens news
We go on vacations.,go on vacations We
They practice painting.,practice They painting
She takes care.,takes She care
He watches TV.,He watches TV
We go on hikes.,on go We hikes
They attend meetings.,attend They meetings
She studies geography.,She studies geography
He plays soccer.,He soccer plays
We go on trips.,trips on go We
They watch the beach.,They the watch beach
She writes journals.,writes journals She
He practices golf.,golf He practices
We go to museums.,go We to museums
They watch planes.,watch planes They
She studies anthropology.,anthropology studies She
He listens to podcasts.,to He podcasts listens
We go on road trips.,go We on trips road
They practice writing.,writing They practice
She takes care.,She takes care
He watches the river.,watches the He river
We go to the movies.,the We go to movies
They study archaeology.,archaeology study They
She writes blogs.,She writes blogs
He plays drums.,plays He drums
We go on camping.,camping We on go
They watch the mountains.,the watch They mountains
She studies history.,history studies She
He listens to the radio.,to the listens He radio
We go on trips.,on We go trips
They watch basketball.,watch They basketball
They run marathons.,They run marathons
She paints portraits.,She paints portraits
He watches football.,watches He football
We read books.,read books We
They attend concerts.,They attend concerts
She practices yoga.,practices She yoga
He listens to music.,listens music to He
We eat breakfast.,breakfast eat We
They watch the birds.,birds watch They the
She studies physics.,studies physics She
He plays guitar.,plays guitar He
We go shopping.,We go shopping
They attend parties.,They attend parties
She writes novels.,She novels writes
He practices basketball.,basketball He practices
We watch TV.,TV We watch
They study chemistry.,chemistry study They
She takes photos.,She takes photos
He watches soccer.,watches soccer He
We go to the gym.,go We the gym to
They attend events.,attend events They
She writes poetry.,poetry She writes
He plays piano.,piano He plays
We go swimming.,We go swimming
They watch the city.,city They watch the
She studies astronomy.,studies astronomy She
He listens to the radio.,the listens He radio to
We play games.,games We play
They practice meditation.,practice They meditation
She takes walks.,She takes walks
He watches movies.,movies He watches
We go on trips.,trips We on go
They study engineering.,engineering They study
She writes essays.,essays She writes
He plays video games.,games He plays video
We go to the park.,go the to We park
They watch the trees.,They trees watch the
She studies literature.,She studies literature
He listens to podcasts.,listens He to podcasts
We cook dinner.,dinner cook We
They attend lectures.,They lectures attend
She practices running.,She running practices
He watches the stars.,the stars watches He
We do yoga.,We do yoga
They study psychology.,They psychology study
She writes letters.,letters She writes
He plays hockey.,plays hockey He
We go for a drive.,go a for We drive
They watch the animals.,watch the They animals
She studies philosophy.,studies She philosophy
He listens to music.,music listens to He
We take a nap.,take nap We a
They practice martial arts.,practice They martial arts
She takes care.,takes She care
He watches TV shows.,watches shows TV He
We go to the lake.,to go We lake the
They study sociology.,study They sociology
She writes stories.,She writes stories
He plays tennis.,He tennis plays
We go on a picnic.,go on a picnic We
They watch the sunset.,sunset the watch They
She studies biology.,biology studies She
He listens to audiobooks.,to audiobooks He listens
We go to the beach.,to the go beach We
They practice dancing.,practice They dancing
She takes care.,takes She care
He watches the sea.,watches the sea He
We go for a walk.,go a walk We for
They study mathematics.,mathematics study They
She writes blogs.,blogs She writes
He plays basketball.,basketball plays He
We go for a run.,run for We a go
They watch the sky.,the They sky watch
She studies economics.,economics studies She
He listens to music.,listens to He music
We have a party.,have a party We
They attend workshops.,They workshops attend
She practices painting.,She painting practices
He watches the mountains.,He the watches mountains
We go on a hike.,We go on hike a
They study linguistics.,They linguistics study
She writes articles.,articles She writes
He plays soccer.,plays He soccer
We go to the movies.,the go to We movies
They watch the ocean.,watch the ocean They
She studies physics.,studies She physics
He listens to the news.,listens to the news He
We go on a vacation.,vacation on go a We
They practice cooking.,They practice cooking
She takes care.,She care takes
He watches TV.,He TV watches
We go on a bike ride.,on go bike a ride We
They study geography.,They geography study
She writes novels.,writes She novels
He plays golf.,plays He golf
We go to the zoo.,the We zoo to go
They watch the planes.,watch the They planes
She studies anthropology.,anthropology She studies
He listens to podcasts.,He podcasts listens to
We go on a road trip.,We road on trip a go
They practice photography.,photography They practice
She takes care.,takes She care
He watches the river.,watches river He the
We go for a hike.,a for We go hike
They attend classes.,classes They attend
She studies history.,studies She history
He plays baseball.,He plays baseball
We go on a trip.,a on go We trip
They watch the beach.,They the beach watch
She writes journals.,She journals writes
He practices skiing.,He practices skiing
We go to museums.,museums We to go
I love cats.,love cats I
I read books.,read books I
I watch TV.,watch TV I
I eat pizza.,eat I pizza
I study art.,study art I
I play games.,I play games
I go shopping.,I go shopping
I take walks.,take walks I
I listen to music.,to I listen music
I write poetry.,write I poetry
I go running.,go I running
I practice yoga.,practice yoga I
I watch movies.,movies I watch
I cook dinner.,dinner I cook
I go swimming.,I go swimming
I attend events.,events I attend
I play guitar.,play I guitar
I watch soccer.,I watch soccer
I study history.,history I study
I write stories.,stories write I
I go hiking.,I go hiking
I take photos.,take I photos
I listen to podcasts.,listen I to podcasts
I watch the sunset.,watch the sunset I
I study psychology.,I psychology study
I play basketball.,basketball I play
I go camping.,camping go I
I attend concerts.,I attend concerts
I watch the birds.,I birds watch the
I study philosophy.,study philosophy I
I write essays.,write essays I
I go for a drive.,drive go I a for
I practice meditation.,I practice meditation
I watch the stars.,stars watch the I
I study literature.,I study literature
He reads books.,books He reads
He loves dogs.,loves He dogs
He watches TV.,watches TV He
He eats lunch.,He lunch eats
He studies art.,He studies art
He plays games.,plays games He
He goes running.,running He goes
He listens to music.,music to listens He
He writes poetry.,writes He poetry
She reads books.,books She reads
She loves cats.,She loves cats
She watches TV.,watches She TV
She eats lunch.,She lunch eats
She studies art.,She studies art
She plays games.,She plays games
She goes running.,goes She running
She listens to music.,to She music listens
She writes poetry.,She poetry writes
She goes swimming.,swimming goes She
She takes walks.,She takes walks
She plays piano.,piano plays She
She studies history.,history She studies
She writes stories.,She stories writes
She goes hiking.,goes She hiking
She takes photos.,She photos takes
She listens to podcasts.,listens to podcasts She
She goes shopping.,shopping She goes
She watches movies.,She watches movies
She attends events.,events She attends
She plays volleyball.,volleyball plays She
She goes camping.,goes camping She
She watches tennis.,She tennis watches
She studies psychology.,psychology studies She
She writes essays.,essays She writes
She attends concerts.,attends She concerts
She goes for a drive.,for She drive goes a
She practices yoga.,yoga practices She
She watches the sunset.,She watches sunset the
She studies philosophy.,studies She philosophy
She goes for a walk.,walk a goes She for
She listens to audiobooks.,audiobooks She to listens
She plays guitar.,She guitar plays
She attends parties.,She parties attends
She watches the ocean.,ocean the watches She
She studies sociology.,studies She sociology
She writes articles.,She writes articles
She goes to the gym.,the She to gym goes
She takes care.,care She takes
She watches TV shows.,watches shows TV She
She goes on a picnic.,goes on picnic a She
She studies anthropology.,She anthropology studies
She plays basketball.,basketball She plays
She listens to the news.,news She listens to the
She watches the mountains.,mountains the She watches
She goes on a vacation.,on vacation She goes a
She practices painting.,She practices painting
She watches the river.,river the watches She
She studies geography.,She geography studies
She writes journals.,journals writes She
She goes on a bike ride.,on ride She goes bike a
She attends meetings.,She meetings attends
She watches the beach.,watches She beach the
She studies linguistics.,studies She linguistics
She listens to podcasts.,podcasts She listens to
She goes on a road trip.,on a road She trip goes
She practices photography.,practices She photography
She watches the city.,city the watches She
She studies chemistry.,She chemistry studies
She writes blogs.,She writes blogs
She goes for a run.,She for run goes a
She takes care.,care She takes
She watches the trees.,watches the trees She
She studies economics.,She economics studies
She plays tennis.,tennis She plays
She goes on a trip.,a on trip She goes
She attends lectures.,lectures attends She
She watches the sky.,She watches the sky
She studies biology.,biology She studies
She listens to music.,to listens She music
She goes for a hike.,goes for a hike She
She watches the animals.,animals the She watches
She studies mathematics.,She studies mathematics
She goes to the zoo.,She to the zoo goes
She watches the planes.,the watches She planes
She studies engineering.,engineering studies She
She writes novels.,novels She writes
She goes on a cruise.,on goes a cruise She
She plays video games.,She video games plays
She attends classes.,She attends classes
She watches the snow.,the She snow watches
She studies physics.,physics She studies
She listens to the radio.,the to radio She listens
She goes for a swim.,a goes She for swim
She watches the cars.,watches the She cars
She studies politics.,She studies politics
She writes letters.,letters She writes
She goes on a run.,goes run on a She
She takes care.,care takes She
She watches the sunrise.,She watches the sunrise
She studies ecology.,She studies ecology
She plays football.,She football plays
She goes on a date.,She goes a date on
She watches the river.,the river She watches
She studies business.,She studies business
She writes scripts.,scripts writes She
She goes on a trip.,on She a trip goes
He goes swimming.,goes He swimming
He takes walks.,walks takes He
He plays guitar.,He guitar plays
He studies history.,history He studies
He writes stories.,writes stories He
He goes hiking.,goes hiking He
He takes photos.,takes He photos
He listens to podcasts.,to listens He podcasts
He goes shopping.,He goes shopping
He watches movies.,watches He movies
He attends events.,He events attends
He plays basketball.,plays basketball He
He goes camping.,goes He camping
He watches soccer.,watches He soccer
He studies psychology.,He studies psychology
He writes essays.,He essays writes
He attends concerts.,He attends concerts
He goes for a drive.,for a goes drive He
He practices yoga.,practices yoga He
He watches the sunset.,He watches the sunset
He studies philosophy.,philosophy He studies
He goes for a walk.,a He walk for goes
He listens to audiobooks.,to He audiobooks listens
He plays tennis.,tennis plays He
He attends parties.,He attends parties
He watches the ocean.,He ocean watches the
He studies sociology.,sociology He studies
He writes articles.,articles writes He
He goes to the gym.,to He goes the gym
He takes care.,care He takes
He watches TV shows.,TV shows watches He
He goes on a picnic.,He a goes picnic on
He studies anthropology.,He studies anthropology
He plays hockey.,hockey plays He
He listens to the news.,to the listens news He
He watches the mountains.,watches the He mountains
He goes on a vacation.,vacation goes a He on
He practices painting.,painting He practices
He watches the river.,the river watches He
He studies geography.,studies geography He
He writes journals.,journals writes He
He goes on a bike ride.,goes a bike He ride on
He attends meetings.,meetings He attends
He watches the beach.,He watches beach the
He studies linguistics.,studies He linguistics
He listens to podcasts.,to podcasts listens He
He goes on a road trip.,He a goes on trip road
He practices photography.,photography practices He
He watches the city.,city watches He the
He studies chemistry.,He studies chemistry
He writes blogs.,He blogs writes
He goes for a run.,run for goes a He
He takes care.,care He takes
He watches the trees.,the trees watches He
He studies economics.,studies economics He
He plays soccer.,soccer plays He
He goes on a trip.,trip a on goes He
He attends lectures.,lectures He attends
He watches the sky.,the sky He watches
He studies biology.,biology He studies
He listens to music.,music listens He to
He goes for a hike.,hike for goes a He
He watches the animals.,watches animals He the
He studies mathematics.,studies mathematics He
He goes to the zoo.,He zoo the goes to
He watches the planes.,watches planes He the
He studies engineering.,He engineering studies
He writes novels.,He novels writes
He goes on a cruise.,cruise on a He goes
He plays video games.,video plays games He
He attends classes.,He attends classes
He watches the snow.,He watches snow the
He studies physics.,physics He studies
He listens to the radio.,the He listens to radio
He goes for a swim.,swim a goes for He
He watches the cars.,watches He the cars
He studies politics.,He studies politics
He writes letters.,writes letters He
He goes on a run.,run He goes on a
He takes care.,care He takes
He watches the sunrise.,the He watches sunrise
He studies ecology.,ecology He studies
He plays football.,plays football He
He goes on a date.,He date goes on a
He watches the river.,watches He the river
He studies business.,business studies He
He writes scripts.,writes scripts He
He goes on a trip.,a He trip on goes
He attends meetings.,He attends meetings
He watches the garden.,watches He garden the
He studies technology.,He technology studies
He listens to audiobooks.,to audiobooks He listens
He goes for a jog.,jog a goes He for
He watches the moon.,moon watches He the
He studies statistics.,statistics studies He
He takes naps.,He takes naps
He cooks dinner.,cooks dinner He
I listen to audiobooks.,listen audiobooks I to
I go to the beach.,go to the beach I
I play tennis.,tennis I play
I attend parties.,attend I parties
I watch the ocean.,watch the ocean I
I study astronomy.,study I astronomy
I write articles.,I write articles
I go to the gym.,to go I gym the
I take care.,care take I
I watch TV shows.,shows I watch TV
I go on a picnic.,I picnic go on a
I study sociology.,study I sociology
I play hockey.,play hockey I
I go for a walk.,I walk for go a
I watch the mountains.,watch mountains the I
I study economics.,economics I study
I listen to the news.,I listen to news the
I go on a vacation.,vacation on I go a
I practice painting.,painting practice I
I watch the river.,watch the I river
I study geography.,study geography I
I write journals.,write journals I
I go on a bike ride.,I bike a go ride on
I play baseball.,I play baseball
I go to museums.,I museums go to
I watch the beach.,I watch beach the
I study anthropology.,anthropology I study
I listen to podcasts.,listen I podcasts to
I go on a road trip.,I a go road trip on
I practice photography.,photography I practice
I watch the city.,the watch I city
I study linguistics.,linguistics study I
I write blogs.,I write blogs
I go for a run.,I for a run go
I take care.,care take I
I watch the trees.,watch trees the I
I study chemistry.,study I chemistry
I play soccer.,soccer play I
I go on a trip.,on I trip go a
I attend lectures.,lectures attend I
I watch the sky.,the I watch sky
I study biology.,I biology study
I listen to music.,music I to listen
I go for a hike.,a go for I hike
I watch the animals.,watch I animals the
I study mathematics.,study mathematics I
I go to the zoo.,zoo go the I to
I watch the planes.,watch the planes I
I study engineering.,I engineering study
I write novels.,write novels I
I go on a cruise.,cruise on a I go
I play video games.,play games video I
I attend classes.,I classes attend
I watch the snow.,watch I snow the
I study physics.,study physics I
I listen to the radio.,radio the listen I to
I go for a swim.,I go for swim a
I watch the cars.,the watch I cars
I study politics.,study I politics
I write letters.,I write letters
I go on a run.,I go on run a
I take care.,I care take
I watch the sunrise.,I the watch sunrise
I study ecology.,study I ecology
I play football.,I play football
I go on a date.,go on date I a
I watch the river.,the I watch river
I study business.,business study I
I write scripts.,I scripts write
I go on a trip.,a go trip on I
I attend meetings.,I attend meetings
I watch the garden.,watch I garden the
I study technology.,I technology study
I listen to audiobooks.,I audiobooks to listen
I go for a jog.,for jog a go I
I watch the moon.,the moon I watch
I study statistics.,study statistics I
We go shopping.,shopping We go
We play games.,We play games
We watch TV.,TV We watch
We cook dinner.,cook dinner We
We exercise together.,exercise We together
We take walks.,take walks We
We listen to music.,to music listen We
We study together.,together study We
We read books.,read books We
We watch movies.,We watch movies
We play sports.,sports We play
We eat breakfast.,breakfast We eat
We go swimming.,swimming go We
We hike mountains.,hike We mountains
We watch the sunset.,the We watch sunset
We write stories.,We write stories
We go running.,go running We
We study languages.,study We languages
We go on trips.,We go trips on
We dance together.,We together dance
We watch the stars.,watch stars We the
We practice yoga.,practice We yoga
We attend events.,attend We events
We cook lunch.,lunch cook We
We go camping.,camping We go
We play music.,music play We
We watch sports.,sports We watch
We take photos.,We photos take
We study history.,We history study
We watch the ocean.,ocean the We watch
We go on dates.,go We on dates
We write poetry.,We poetry write
We have fun.,have We fun
We attend parties.,parties attend We
We play chess.,chess We play
We watch the sunrise.,We watch the sunrise
We study science.,science study We
We eat dinner.,We dinner eat
We go skiing.,go skiing We
We watch the moon.,the We moon watch
We go on walks.,We on go walks
We take care.,We take care
We study art.,We art study
We watch nature.,nature We watch
We go for a drive.,drive We go a for
We listen to podcasts.,to We listen podcasts
We watch the city.,We city the watch
We go on picnics.,on picnics We go
We study literature.,study literature We
We write blogs.,We blogs write
We watch the river.,river the We watch
We go on road trips.,trips on go We road
We practice painting.,practice painting We
We study philosophy.,We study philosophy
We attend concerts.,concerts attend We
We play basketball.,play We basketball
We watch the mountains.,the We mountains watch
We go to the gym.,gym We the go to
We listen to audiobooks.,audiobooks to listen We
We study psychology.,study We psychology
We watch the beach.,beach watch the We
We go on vacations.,We on vacations go
We take care.,take care We
We study sociology.,study We sociology
We write journals.,journals write We
We watch the trees.,watch We the trees
We go on bike rides.,bike We on go rides
We listen to the news.,the listen We to news
We study geography.,study geography We
We play tennis.,play tennis We
We watch the animals.,animals We watch the
We go on a cruise.,a cruise We go on
We attend meetings.,attend meetings We
We study linguistics.,linguistics We study
We watch the sky.,We watch sky the
We go on a run.,a run We go on
We take care.,care We take
We play football.,play football We
We watch the cars.,watch the We cars
We go to the zoo.,the zoo We to go
We listen to music.,to listen music We
We study economics.,We economics study
We watch the snow.,We the watch snow
We go for a swim.,for swim a We go
We write letters.,write letters We
We watch the river.,watch river We the
We study physics.,We physics study
We go on a trip.,We trip go a on
We attend classes.,classes We attend
We watch the sunset.,sunset the watch We
